,City,Cloudiness,Country,Date,Humidity,Lat,Lng,Max Temp,Wind Speed
0,albany,75,US,1604779191,43,42.6,-73.97,71.01,5.82
1,vaini,20,TO,1604779328,83,-21.2,-175.2,75.2,5.82
2,souillac,20,MU,1604779329,78,-20.52,57.52,73.4,8.05
3,ushuaia,75,AR,1604779182,41,-54.8,-68.3,60.8,18.34
4,barra do garcas,20,BR,1604779330,37,-15.89,-52.26,96.8,2.24
5,grand gaube,14,MU,1604779330,75,-20.01,57.66,71.01,1.99
6,leh,0,IN,1604779330,61,34.17,77.58,28.69,3.98
7,rikitea,53,PF,1604779330,73,-23.12,-134.97,71.33,18.25
8,jacareacanga,99,BR,1604779330,47,-6.22,-57.75,91.89,2.66
9,mataura,94,NZ,1604779330,60,-46.19,168.86,50.0,8.99
10,nosy varika,5,MG,1604779330,86,-20.58,48.53,72.77,7.36
11,punta arenas,40,CL,1604779330,54,-53.15,-70.92,59.0,26.4
12,altamira,40,BR,1604779271,52,-3.2,-52.21,91.4,8.05
13,bluff,3,NZ,1604779223,60,-46.6,168.33,50.0,8.99
14,nikolskoye,90,RU,1604779331,81,59.7,30.79,48.2,15.66
15,bridlington,1,GB,1604779331,100,54.08,-0.19,43.0,1.12
16,victoria,0,HK,1604779228,57,22.29,114.16,78.01,1.01
17,ribeira brava,20,PT,1604779331,77,32.65,-17.07,64.99,4.85
18,san luis,63,AR,1604779331,23,-33.3,-66.34,84.76,8.25
19,faanui,77,PF,1604779331,79,-16.48,-151.75,78.93,12.53
20,bethel,1,US,1604779332,35,41.37,-73.41,73.4,4.7
21,boende,100,CD,1604779332,91,-0.22,20.87,70.63,1.28
22,tuatapere,47,NZ,1604779332,60,-46.13,167.68,50.0,8.99
23,weston,75,US,1604779332,88,26.1,-80.4,78.8,23.04
24,solnechnyy,100,RU,1604779332,87,50.72,136.63,19.38,5.84
25,contamana,87,PE,1604779332,31,-7.33,-75.02,98.26,5.01
26,bengkulu,100,ID,1604779332,86,-3.8,102.27,76.14,4.12
27,kapaa,40,US,1604779190,83,22.08,-159.32,80.6,10.29
28,roald,75,NO,1604779273,87,62.58,6.13,45.0,4.7
29,mackenzie,40,CA,1604779333,68,55.3,-123.17,26.6,6.93
30,yabrud,40,SY,1604779333,77,33.97,36.66,59.0,11.41
31,new norfolk,8,AU,1604779333,74,-42.78,147.06,44.01,2.33
32,flinders,65,AU,1604779333,80,-34.58,150.86,57.0,7.31
33,cape town,75,ZA,1604779263,82,-33.93,18.42,64.0,13.87
34,marsh harbour,100,BS,1604779333,75,26.54,-77.06,79.36,26.82
35,pisco,90,PE,1604779334,77,-13.7,-76.22,66.2,6.93
36,sibolga,100,ID,1604779334,81,1.74,98.78,77.09,4.47
37,port elizabeth,0,ZA,1604779334,93,-33.92,25.57,62.6,5.82
38,ancud,0,CL,1604779334,55,-41.87,-73.82,64.4,9.17
39,port alfred,0,ZA,1604779334,89,-33.59,26.89,68.54,2.95
40,evanston,20,US,1604779134,43,42.04,-87.69,73.0,14.99
41,severo-kurilsk,0,RU,1604779334,83,50.68,156.12,34.47,2.46
42,narsaq,75,GL,1604779334,74,60.92,-46.05,30.2,3.36
43,east london,0,ZA,1604779334,82,-33.02,27.91,69.8,13.4
44,busselton,47,AU,1604779309,66,-33.65,115.33,55.0,2.75
45,saint-philippe,0,RE,1604779300,78,-21.36,55.77,73.4,11.41
46,ixtapa,5,MX,1604779210,55,20.7,-105.2,86.0,9.17
47,vila velha,75,BR,1604779254,78,-20.33,-40.29,79.0,10.29
48,kargasok,100,RU,1604779336,84,59.06,80.86,35.62,11.79
49,mount isa,27,AU,1604779336,12,-20.73,139.5,77.0,11.41
50,puerto ayora,40,EC,1604779336,69,-0.74,-90.35,77.0,19.46
51,primero de enero,75,CU,1604779336,100,21.95,-78.43,75.2,6.93
52,lamu,90,KE,1604779336,83,-2.27,40.9,80.6,8.05
53,khatanga,9,RU,1604779336,87,71.97,102.5,-4.45,12.57
54,pacific grove,40,US,1604779084,62,36.62,-121.92,57.99,6.93
55,kavaratti,0,IN,1604779306,74,10.57,72.64,83.07,7.27
56,atuona,94,PF,1604779337,71,-9.8,-139.03,77.79,14.54
57,hilo,90,US,1604779208,78,19.73,-155.09,78.8,5.82
58,pangnirtung,90,CA,1604779337,92,66.15,-65.71,10.4,11.41
59,umm lajj,30,SA,1604779337,65,25.02,37.27,72.95,7.54
60,bredasdorp,0,ZA,1604779337,48,-34.53,20.04,64.4,16.11
61,bathsheba,40,BB,1604779337,66,13.22,-59.52,87.8,16.11
62,albemarle,40,US,1604779059,57,35.35,-80.2,79.0,6.93
63,chapada dos guimaraes,40,BR,1604779337,27,-15.46,-55.75,100.4,6.93
64,nuuk,90,GL,1604779149,92,64.18,-51.72,23.0,4.7
65,bambous virieux,20,MU,1604779337,78,-20.34,57.76,73.4,8.05
66,nishihara,40,JP,1604779201,100,26.18,127.76,75.2,5.82
67,dalvik,75,IS,1604779338,56,65.97,-18.53,44.6,21.92
68,walvis bay,0,NA,1604779338,77,-22.96,14.51,62.6,8.05
69,gilbues,22,BR,1604779338,70,-9.83,-45.34,81.23,7.72
70,hithadhoo,84,MV,1604779188,73,-0.6,73.08,83.1,8.66
71,barrow,90,US,1604779186,92,71.29,-156.79,30.2,23.04
72,fort nelson,75,CA,1604779338,84,58.81,-122.7,8.6,3.36
73,hay river,79,CA,1604779338,77,60.82,-115.8,5.0,3.36
74,buraydah,40,SA,1604779338,88,26.33,43.98,69.8,6.93
75,vanavara,100,RU,1604779270,96,60.34,102.28,13.03,3.8
76,kismayo,100,SO,1604779338,80,-0.36,42.55,80.17,10.11
77,saskylakh,5,RU,1604779338,89,71.92,114.08,-8.91,6.96
78,namatanai,76,PG,1604779338,76,-3.67,152.43,79.72,5.1
79,mehriz,20,IR,1604779339,13,31.59,54.43,64.4,2.24
80,jamestown,1,US,1604779297,39,42.1,-79.24,69.01,6.93
81,barranca de upia,53,CO,1604779339,74,4.57,-72.97,84.47,2.13
82,estelle,75,US,1604779339,94,29.85,-90.11,73.99,10.29
83,hobart,20,AU,1604779184,86,-42.88,147.33,44.01,8.05
84,watertown,75,US,1604779200,35,42.37,-71.18,78.8,9.17
85,kalmar,71,SE,1604779339,93,56.66,16.36,50.0,5.82
86,afua,94,BR,1604779339,73,-0.16,-50.39,84.78,7.43
87,dikson,33,RU,1604779339,89,73.51,80.55,-2.6,11.83
88,rawlins,20,US,1604779256,47,41.79,-107.24,57.99,32.21
89,avarua,100,CK,1604779191,78,-21.21,-159.78,77.0,4.7
90,meulaboh,100,ID,1604779340,86,4.14,96.13,76.44,4.0
91,camacha,20,PT,1604779340,82,33.08,-16.33,66.2,3.36
92,cidreira,3,BR,1604779340,77,-30.18,-50.21,69.93,14.52
93,porto velho,40,BR,1604779123,52,-8.76,-63.9,91.4,6.93
94,kawalu,40,ID,1604779340,91,-7.38,108.21,70.34,0.81
95,tuktoyaktuk,75,CA,1604779188,79,69.45,-133.04,26.6,20.8
96,kasama,0,ZM,1604779341,26,-10.21,31.18,71.24,4.88
97,kodiak,90,US,1604779154,87,57.79,-152.41,42.8,8.3
98,andenes,100,NO,1604779341,74,69.31,16.12,37.4,33.33
99,qaanaaq,0,GL,1604779313,71,77.48,-69.36,-12.95,7.56
100,mobaye,99,CF,1604779341,91,4.32,21.18,72.54,1.28
101,deputatskiy,96,RU,1604779341,92,69.3,139.9,-5.76,3.2
102,luderitz,0,NA,1604779341,85,-26.65,15.16,63.1,5.64
103,broome,1,US,1604779341,42,42.25,-75.83,70.0,8.05
104,alice springs,0,AU,1604779103,23,-23.7,133.88,60.8,6.93
105,santa vitoria do palmar,20,BR,1604779316,73,-33.52,-53.37,67.73,11.7
106,georgetown,40,MY,1604779341,88,5.41,100.34,78.8,3.36
107,nantai,0,CN,1604779342,68,40.92,122.8,32.18,7.16
108,pierre,1,US,1604779132,61,44.37,-100.35,50.0,4.7
109,coahuayana,20,MX,1604779342,58,18.73,-103.68,82.4,6.4
110,saint-francois,0,FR,1604779342,59,46.42,3.91,60.8,6.93
111,saint george,75,US,1604779260,30,37.1,-113.58,57.2,20.8
112,norman wells,75,CA,1604779342,92,65.28,-126.83,23.0,4.94
113,vestmannaeyjar,75,IS,1604779342,87,63.44,-20.27,44.6,21.92
114,kabugao,100,PH,1604779342,87,18.02,121.18,74.77,0.43
115,kaitangata,100,NZ,1604779217,60,-46.28,169.85,51.01,8.01
116,vardo,99,NO,1604779342,75,70.37,31.11,39.45,35.79
117,butaritari,100,KI,1604779284,73,3.07,172.79,80.87,10.74
118,codrington,6,AU,1604779343,92,-38.27,141.97,41.68,6.06
119,sitka,20,US,1604779343,80,57.05,-135.33,35.6,3.36
120,leshukonskoye,100,RU,1604779231,96,64.9,45.76,32.92,7.09
121,roma,1,US,1604779280,43,43.21,-75.46,71.6,9.17
122,ribeira grande,20,PT,1604779343,77,38.52,-28.7,59.0,9.17
123,mar del plata,40,AR,1604779343,88,-38.0,-57.56,66.2,5.82
124,moree,1,AU,1604779343,67,-29.47,149.85,60.8,9.17
125,ambulu,10,ID,1604779343,84,-8.35,113.61,75.56,2.51
126,kavieng,25,PG,1604779343,70,-2.57,150.8,82.44,7.74
127,itaituba,20,BR,1604779343,52,-4.28,-55.98,93.2,10.29
128,lagos,20,NG,1604779055,83,6.58,3.75,78.8,4.7
129,chapais,90,CA,1604779344,97,49.78,-74.85,32.0,8.05
130,castro,0,BR,1604779259,42,-24.79,-50.01,77.79,4.65
131,darhan,0,MN,1604779344,88,49.49,105.92,23.97,5.88
132,orlik,89,RU,1604779344,89,52.52,99.83,16.66,3.18
133,kokorevka,0,RU,1604779344,95,52.59,34.28,42.44,6.17
134,awbari,0,LY,1604779214,43,26.59,12.78,60.55,5.28
135,guerrero negro,30,MX,1604779212,60,27.98,-114.06,71.76,19.39
136,ambilobe,100,MG,1604779344,77,-13.2,49.05,75.27,4.54
137,kuzino,100,RU,1604779344,96,57.02,59.44,34.07,4.0
138,cherskiy,100,RU,1604779344,95,68.75,161.3,5.49,6.08
139,evensk,93,RU,1604779344,89,61.95,159.23,12.42,9.8
140,syriam,90,MM,1604779345,100,16.77,96.24,75.2,6.93
141,sambava,100,MG,1604779345,85,-14.27,50.17,75.38,11.12
142,touros,40,BR,1604779272,70,-5.2,-35.46,84.2,13.87
143,nantucket,1,US,1604779121,63,41.28,-70.1,66.2,12.75
144,rio gallegos,40,AR,1604779325,30,-51.62,-69.22,68.0,17.22
145,half moon bay,1,US,1604779345,66,37.46,-122.43,60.01,13.87
146,sault sainte marie,1,CA,1604779146,68,46.52,-84.33,64.4,11.41
147,vera cruz,92,BR,1604779345,64,-12.63,-41.03,79.5,4.59
148,mala,78,PE,1604779345,71,-12.66,-76.63,66.27,6.6
149,zirc,0,HU,1604779345,87,47.26,17.87,46.99,2.24
150,esperance,6,AU,1604779276,100,-33.87,121.9,55.4,6.93
151,angoche,0,MZ,1604779346,79,-16.23,39.91,78.3,14.52
152,manta,40,EC,1604779346,74,-0.95,-80.73,78.8,14.99
153,vao,68,NC,1604779346,75,-22.67,167.48,73.35,11.1
154,hermanus,0,ZA,1604779346,83,-34.42,19.23,60.01,8.99
155,bhikangaon,0,IN,1604779346,38,21.87,75.95,66.92,3.6
156,lorengau,25,PG,1604779346,72,-2.02,147.27,81.19,8.43
157,lundazi,1,ZM,1604779346,40,-12.29,33.18,75.42,9.86
158,ryotsu,0,JP,1604779346,64,38.08,138.43,59.4,19.77
159,portland,75,US,1604778780,87,45.52,-122.68,46.0,4.7
160,constitucion,0,CL,1604779347,53,-35.33,-72.42,66.02,16.04
161,itoman,20,JP,1604779347,94,26.12,127.67,75.2,4.7
162,riyadh,0,SA,1604779347,33,24.69,46.72,71.6,3.36
163,fairbanks,90,US,1604779347,85,64.84,-147.72,25.0,3.36
164,lillooet,90,CA,1604779347,48,50.69,-121.94,41.0,11.41
165,poum,2,NC,1604779348,73,-20.23,164.02,76.53,13.33
166,arraial do cabo,75,BR,1604779205,69,-22.97,-42.03,75.2,9.17
167,shimoda,97,JP,1604779348,91,34.67,138.95,61.0,17.09
168,berlevag,84,NO,1604779348,75,70.86,29.09,38.82,26.93
169,tselinnoye,68,RU,1604779349,87,53.08,85.67,37.22,8.01
170,oliveira dos brejinhos,86,BR,1604779349,71,-12.32,-42.9,79.75,4.23
171,sartell,1,US,1604779349,63,45.62,-94.21,69.01,14.99
172,vanimo,100,PG,1604779349,93,-2.67,141.3,75.72,5.64
173,ponta do sol,20,PT,1604779349,77,32.67,-17.1,64.99,4.32
174,opuwo,0,NA,1604779349,28,-18.06,13.84,71.98,8.03
175,upernavik,0,GL,1604779267,76,72.79,-56.15,-1.55,7.99
176,chiang klang,4,TH,1604779349,84,19.29,100.86,68.85,1.79
177,bad sassendorf,0,DE,1604779349,70,51.58,8.17,50.0,11.41
178,lasa,5,IT,1604779349,80,46.62,10.7,46.99,1.95
179,griffith,1,US,1604779207,40,41.53,-87.42,73.0,14.99
180,hualmay,20,PE,1604779350,69,-11.1,-77.61,66.97,12.26
181,puerto quijarro,0,BO,1604779350,11,-17.78,-57.77,108.41,5.17
182,jalu,0,LY,1604779350,63,29.03,21.55,65.3,13.62
183,sao filipe,33,CV,1604779186,78,14.9,-24.5,79.2,13.76
184,alyangula,99,AU,1604779350,94,-13.85,136.42,71.6,1.12
185,leningradskiy,100,RU,1604779350,96,69.38,178.42,20.08,12.48
186,lagoa,0,PT,1604779318,72,39.05,-27.98,61.36,20.18
187,lavagna,74,IT,1604779350,86,44.31,9.34,59.0,2.89
188,weligama,0,LK,1604779351,86,5.97,80.42,77.58,3.91
189,ahipara,47,NZ,1604779351,80,-35.17,173.17,63.25,11.92
190,mehamn,70,NO,1604779351,78,71.04,27.85,37.78,23.31
191,grand-lahou,90,CI,1604779351,86,5.14,-5.02,78.85,6.29
192,sisimiut,99,GL,1604779351,86,66.94,-53.67,16.09,15.39
193,laguna,1,US,1604779351,47,38.42,-121.42,60.01,4.61
194,yellowknife,90,CA,1604779308,85,62.46,-114.35,12.99,5.82
195,abrego,95,CO,1604779351,84,8.08,-73.22,70.79,2.57
196,weiser,90,US,1604779351,50,44.25,-116.97,51.8,14.99
197,antofagasta,20,CL,1604779279,63,-23.65,-70.4,66.2,11.41
198,viedma,52,AR,1604779226,39,-40.81,-63.0,73.99,3.0
199,hofn,99,IS,1604779352,83,64.25,-15.21,41.32,12.03
200,lukulu,0,ZM,1604779353,35,-14.37,23.24,78.44,2.55
201,alanya,0,TR,1604779103,32,36.54,32.0,69.8,16.11
202,sorland,75,NO,1604779353,71,67.67,12.69,35.6,14.99
203,lucapa,100,AO,1604779353,97,-8.42,20.74,68.02,4.14
204,bajil,0,YE,1604779353,56,15.06,43.29,82.65,3.69
205,mizdah,0,LY,1604779353,72,31.45,12.98,58.28,7.61
206,bera,0,BD,1604779353,73,24.08,89.62,71.49,7.11
207,kahului,40,US,1604779081,58,20.89,-156.47,84.2,16.11
208,tiksi,0,RU,1604779353,91,71.69,128.87,-8.07,1.97
209,thompson,90,CA,1604779354,85,55.74,-97.86,19.4,3.4
210,monrovia,20,LR,1604779354,88,6.3,-10.8,80.6,7.85
211,mahebourg,20,MU,1604779195,78,-20.41,57.7,73.4,8.05
212,konstantinovka,100,RU,1604779354,97,49.62,127.98,22.93,8.34
213,port blair,0,IN,1604779354,79,11.67,92.75,81.03,7.0
214,cooma,90,AU,1604779354,93,-36.23,149.13,41.0,1.48
215,salalah,0,OM,1604779319,61,17.02,54.09,77.0,2.24
216,kedrovyy,40,RU,1604779354,70,56.17,91.82,44.6,6.71
217,kamyshla,79,RU,1604779354,90,54.12,52.14,33.98,10.63
218,lavrentiya,68,RU,1604779247,96,65.58,-171.0,28.54,11.03
219,saint anthony,1,US,1604779227,56,45.02,-93.22,72.0,17.22
220,acapulco,5,MX,1604779355,70,16.86,-99.89,87.8,4.7
221,toowoomba,36,AU,1604779259,77,-27.55,151.97,60.8,11.41
222,faya,0,SA,1604779235,77,18.39,42.45,62.6,2.19
223,mao,33,ES,1604779355,93,39.89,4.27,66.2,5.82
224,tasiilaq,75,GL,1604779355,86,65.61,-37.64,28.4,6.93
225,gaya,0,IN,1604779355,50,24.78,85.0,64.36,5.21
226,padang,100,ID,1604779355,80,-0.95,100.35,77.63,4.29
227,husavik,75,IS,1604779355,56,66.04,-17.34,44.6,21.92
228,aberdeen,75,GB,1604779093,93,57.14,-2.1,44.6,1.12
229,casablanca,0,MA,1604779285,68,33.59,-7.62,64.4,2.24
230,presque isle,1,US,1604779355,54,46.68,-68.02,59.0,6.93
231,atar,99,MR,1604779199,18,20.52,-13.05,88.63,10.27
232,cockburn town,90,TC,1604779356,78,21.46,-71.14,78.8,11.41
233,ternate,35,ID,1604779356,77,0.8,127.4,80.96,8.46
234,dhidhdhoo,98,MV,1604779356,76,6.88,73.1,83.57,12.95
235,ayan,90,RU,1604779356,86,56.45,138.17,12.45,17.94
236,cabo san lucas,75,MX,1604779356,69,22.89,-109.91,84.0,10.29
237,alenquer,20,BR,1604779356,62,-1.94,-54.74,89.6,8.05
238,havre-saint-pierre,1,CA,1604779340,47,50.23,-63.6,35.6,10.29
239,saint-pierre,0,RE,1604779356,78,-21.34,55.48,73.4,11.41
240,san patricio,40,US,1604779356,54,28.02,-97.52,82.4,12.75
241,najran,0,SA,1604779356,26,17.49,44.13,69.8,1.83
242,prince rupert,1,CA,1604779357,74,54.32,-130.32,39.2,8.05
243,kharp,99,RU,1604779357,97,66.8,65.81,24.98,1.74
244,cairns,40,AU,1604779184,83,-16.92,145.77,75.2,4.7
245,ogbomosho,100,NG,1604779357,39,8.13,4.25,77.77,2.24
246,olafsvik,92,IS,1604779357,69,64.89,-23.71,40.95,27.58
247,vicksburg,1,US,1604779110,69,32.35,-90.88,77.0,4.92
248,minab,0,IR,1604779357,88,27.15,57.08,68.0,6.93
249,ust-nera,83,RU,1604779357,82,64.57,143.2,-8.16,5.5
250,mount gambier,0,AU,1604779357,86,-37.83,140.77,41.0,6.93
251,napier,11,NZ,1604779345,59,-39.48,176.92,72.0,1.99
252,zvishavane,61,ZW,1604779357,33,-20.33,30.07,84.56,4.83
253,tateyama,75,JP,1604779358,82,34.98,139.87,68.0,5.82
254,ketchikan,1,US,1604779358,74,55.34,-131.65,37.4,17.22
255,kem,35,RU,1604779358,71,64.96,34.58,39.11,21.39
256,voyvozh,100,RU,1604779358,99,62.89,54.96,30.52,8.66
257,tocopilla,10,CL,1604779359,40,-22.09,-70.2,68.88,7.0
258,west fargo,1,US,1604779315,75,46.88,-96.9,44.6,3.42
259,lebu,0,CL,1604779360,61,-37.62,-73.65,56.68,22.19
260,caravelas,0,BR,1604779361,76,-17.71,-39.25,79.16,7.2
261,koslan,100,RU,1604779361,95,63.46,48.9,32.9,8.5
262,omsukchan,100,RU,1604779361,89,62.53,155.8,-1.77,4.63
263,fortuna,20,US,1604779362,58,40.6,-124.16,55.99,16.11
264,zlitan,0,LY,1604779362,64,32.47,14.57,69.03,10.33
265,wangaratta,0,AU,1604779362,93,-36.37,146.33,43.0,3.47
266,gorom-gorom,0,BF,1604779363,16,14.44,-0.24,84.94,7.92
267,chokurdakh,100,RU,1604779363,95,70.63,147.92,2.52,6.13
268,iralaya,97,HN,1604779363,83,15.0,-83.23,82.65,6.2
269,carnarvon,90,AU,1604779363,77,-24.87,113.63,69.8,14.99
270,ostrovnoy,100,RU,1604779364,87,68.05,39.51,35.92,15.99
271,awjilah,0,LY,1604779364,67,29.11,21.29,65.1,13.89
272,skelleftea,0,SE,1604779365,64,64.75,20.95,37.4,10.29
273,koumac,1,NC,1604779365,71,-20.57,164.28,75.7,10.25
274,bontang,100,ID,1604779365,87,0.13,117.5,77.02,5.95
275,sobolevo,100,RU,1604779366,84,54.43,31.9,46.38,13.02
276,galesong,95,ID,1604779367,65,-5.32,119.37,79.21,3.71
277,rio grande,75,BR,1604779367,69,-32.03,-52.1,73.4,20.8
278,mildura,0,AU,1604779327,70,-34.2,142.15,48.2,6.93
279,bandar,100,ID,1604779367,93,2.05,99.75,73.83,2.04
280,nurota,75,UZ,1604779367,18,40.56,65.69,62.6,11.41
281,dawson,90,US,1604779368,78,31.77,-84.45,78.8,10.29
282,belaya kholunitsa,88,RU,1604779369,94,58.84,50.85,32.86,7.34
283,huntsville,75,US,1604779255,64,34.73,-86.59,75.2,11.41
284,uyovu,61,TZ,1604779369,81,-3.28,31.53,67.89,4.41
285,puerto colombia,40,CO,1604779369,74,10.99,-74.95,86.0,4.7
286,zhuanghe,0,CN,1604779369,27,39.7,122.99,39.99,4.0
287,rognan,99,NO,1604779369,87,67.1,15.39,37.99,10.71
288,barra patuca,93,HN,1604779370,73,15.8,-84.28,83.52,20.0
289,tual,87,ID,1604779370,70,-5.67,132.75,82.78,11.32
290,gunnedah,0,AU,1604779370,76,-30.98,150.25,53.6,5.82
291,simao,1,CN,1604779370,95,22.79,100.97,57.36,1.92
292,chuy,19,UY,1604779196,73,-33.7,-53.46,67.48,11.45
293,qixingtai,0,CN,1604779370,68,30.41,111.89,55.0,5.5
294,alappuzha,0,IN,1604779370,83,9.49,76.33,80.1,3.22
295,morondava,52,MG,1604779370,78,-20.28,44.28,80.2,6.44
296,tazovskiy,100,RU,1604779309,99,67.47,78.7,26.89,6.38
297,los llanos de aridane,20,ES,1604779371,68,28.66,-17.92,68.0,6.93
298,provideniya,17,RU,1604779228,94,64.38,-173.3,28.54,6.98
299,abu kamal,1,SY,1604779371,53,34.45,40.92,65.55,6.8
300,minden,0,DE,1604779371,87,52.28,8.92,46.4,2.24
301,skjervoy,100,NO,1604779371,87,70.03,20.97,36.99,39.97
302,filadelfia,20,US,1604779179,31,39.95,-75.16,77.0,11.41
303,gat,65,IL,1604779372,80,31.61,34.76,68.0,5.48
304,melioratorov,90,RU,1604779372,93,57.21,65.61,35.6,6.71
305,beboto,38,TD,1604779372,42,8.27,16.94,76.14,1.72
306,shubarshi,86,KZ,1604779311,73,48.59,57.19,39.81,21.07
307,linjiang,0,CN,1604779372,82,41.81,126.91,27.03,5.88
308,kenai,90,US,1604779297,79,60.55,-151.26,25.0,11.41
309,port hedland,0,AU,1604779301,88,-20.32,118.57,75.2,10.29
310,haverfordwest,100,GB,1604779374,82,51.8,-4.97,57.2,11.41
311,west wendover,93,US,1604779374,29,40.74,-114.07,60.8,16.11
312,lompoc,75,US,1604779276,71,34.64,-120.46,55.4,11.41
313,hobyo,31,SO,1604779375,77,5.35,48.53,79.7,10.69
314,jesus,0,PY,1604779375,20,-27.05,-55.78,96.8,5.82
315,chara,85,RU,1604779376,77,56.91,118.26,-4.7,2.62
316,katerero,20,TZ,1604779376,83,-1.4,31.73,69.8,4.36
317,gazimurskiy zavod,95,RU,1604779376,93,51.55,118.33,10.22,2.17
318,vila franca do campo,20,PT,1604779326,67,37.72,-25.43,60.8,11.41
319,reconquista,0,AR,1604779376,35,-29.15,-59.65,86.5,8.77
320,bermeo,0,ES,1604779376,59,43.42,-2.72,66.0,5.82
321,iqaluit,90,CA,1604779212,72,63.75,-68.51,10.4,9.17
322,nanakuli,20,US,1604779376,69,21.39,-158.15,82.4,8.05
323,petropavlovsk-kamchatskiy,44,RU,1604779377,79,53.05,158.65,21.2,8.95
324,gamba,78,GA,1604779364,92,-2.65,10.0,76.68,5.93
325,rafai,100,CF,1604779377,93,4.95,23.92,71.04,2.08
326,markova,0,UA,1604779377,80,48.68,24.41,44.13,3.44
327,port-cartier,77,CA,1604779378,55,50.03,-66.87,33.8,8.05
328,flin flon,90,CA,1604779222,79,54.77,-101.86,19.4,6.93
329,zhigansk,65,RU,1604779378,88,66.77,123.37,-16.1,5.23
330,wadi maliz,20,TN,1604779378,63,36.47,8.55,64.4,3.36
331,baykalovo,100,RU,1604779378,93,57.4,63.77,35.51,4.16
332,airai,93,TL,1604779378,57,-8.93,125.41,62.67,2.15
333,dubbo,0,AU,1604779260,76,-32.25,148.62,55.4,16.11
334,hasaki,75,JP,1604779277,93,35.73,140.83,57.2,2.24
335,aswan,98,EG,1604779328,41,24.09,32.91,70.81,8.84
336,tungor,89,RU,1604779378,92,53.38,142.96,24.51,5.46
337,horta,20,PT,1604779378,77,38.53,-28.63,59.0,9.17
338,veraval,0,IN,1604779379,47,20.9,70.37,78.67,8.48
339,rach gia,20,VN,1604779379,100,10.02,105.08,77.0,2.24
340,salaga,81,GH,1604779379,43,8.55,-0.52,84.47,3.53
341,nome,40,US,1604779379,86,64.5,-165.41,37.4,12.75
342,talnakh,75,RU,1604779379,85,69.49,88.4,17.6,15.66
343,turukhansk,100,RU,1604779379,97,65.82,87.98,18.1,18.88
344,matveyev kurgan,0,RU,1604779379,75,47.56,38.87,47.8,8.63
345,gizo,26,SB,1604779379,75,-8.1,156.84,82.85,7.81
346,geraldton,90,AU,1604779380,77,-28.77,114.6,68.0,8.05
347,naze,75,JP,1604779200,94,28.37,129.48,75.2,13.87
348,pitimbu,40,BR,1604779380,74,-7.47,-34.81,82.4,18.34
349,krasnoselkup,100,RU,1604779381,99,65.7,82.47,34.32,7.76
350,nanortalik,100,GL,1604779381,90,60.14,-45.24,32.43,7.02
351,iskateley,100,RU,1604779381,99,67.68,53.15,30.09,4.36
352,ipu,85,BR,1604779381,35,-4.32,-40.71,91.29,5.03
353,sao joao da barra,75,BR,1604779381,65,-21.64,-41.05,77.0,9.17
354,ulladulla,90,AU,1604779382,71,-35.35,150.47,53.6,8.05
355,beringovskiy,17,RU,1604779382,87,63.05,179.32,28.04,6.15
356,komsomolskiy,86,UZ,1604779382,60,40.43,71.72,50.0,2.8
357,kazachinskoye,100,RU,1604779382,95,57.7,93.28,38.53,6.87
358,brewster,1,US,1604779201,35,41.4,-73.62,73.4,4.7
359,arua,72,UG,1604779382,86,3.02,30.91,67.41,2.19
360,teguldet,100,RU,1604779382,85,57.31,88.17,37.65,10.13
361,cangzhou,0,CN,1604779382,47,38.32,116.87,42.03,5.64
362,pangkalanbuun,96,ID,1604779375,96,-2.68,111.62,74.34,2.04
363,port macquarie,46,AU,1604779162,85,-31.43,152.92,60.01,1.99
364,egvekinot,100,RU,1604779383,98,66.32,-179.17,22.05,4.79
365,pevek,100,RU,1604779383,96,69.7,170.31,16.81,2.68
366,virtsu,100,EE,1604779383,92,58.57,23.51,48.99,8.99
367,tukrah,82,LY,1604779383,76,32.53,20.58,66.96,25.14
368,bonthe,100,SL,1604779383,84,7.53,-12.51,80.02,5.37
369,manado,40,ID,1604779377,94,1.49,124.85,77.0,3.56
370,nova odesa,0,UA,1604779384,92,47.31,31.79,45.43,5.48
371,shahr-e babak,29,IR,1604779384,49,30.12,55.12,44.83,5.48
372,soja,63,JP,1604779384,97,34.67,133.75,54.0,4.81
373,colares,75,PT,1604779384,93,38.8,-9.45,62.01,12.75
374,broken hill,0,AU,1604779385,41,-31.95,141.43,57.2,10.29
375,sipe sipe,20,BO,1604779385,21,-17.45,-66.38,80.6,11.41
376,winneba,40,GH,1604779385,83,5.35,-0.62,82.4,13.87
377,porto novo,40,BJ,1604779385,83,6.5,2.6,80.6,8.05
378,jumla,0,NP,1604779384,55,29.27,82.18,40.91,3.4
379,smithers,5,CA,1604779385,83,54.78,-127.17,32.0,10.29
380,yuli,2,NG,1604779385,28,9.7,10.27,79.52,4.72
381,kidal,1,ML,1604779385,17,18.44,1.41,77.05,11.95
382,chrudim,0,CZ,1604779385,100,49.95,15.8,46.0,3.36
383,bandarbeyla,51,SO,1604779376,85,9.49,50.81,76.48,14.92
384,scarborough,0,GB,1604779385,93,54.28,-0.4,46.0,5.37
385,nemuro,74,JP,1604779385,75,43.32,145.57,51.67,2.93
386,elat,0,IL,1604779228,53,29.56,34.95,71.6,5.82
387,jizan,0,SA,1604779386,62,17.33,42.67,86.0,4.7
388,gunjur,40,GM,1604779386,83,13.2,-16.73,84.2,3.36
389,norfolk,1,US,1604779376,27,42.17,-71.25,78.8,8.05
390,omboue,62,GA,1604779386,88,-1.57,9.26,77.74,8.84
391,rawson,99,AR,1604779145,35,-43.3,-65.1,68.5,23.55
392,chicama,21,PE,1604779386,72,-7.84,-79.15,68.0,9.17
393,ugoofaaru,100,MV,1604779387,78,5.67,73.0,82.0,12.15
394,miandrivazo,60,MG,1604779387,53,-19.52,45.47,84.96,5.35
395,usinsk,100,RU,1604779387,99,65.99,57.53,30.0,11.61
396,yantal,100,RU,1604779387,95,56.85,105.25,21.83,6.53
397,kang,0,BW,1604779387,16,-23.68,22.79,85.03,1.61
398,berdigestyakh,100,RU,1604779387,89,62.1,126.7,-4.07,6.49
399,lady frere,0,ZA,1604779387,29,-31.7,27.23,70.66,9.82
400,lexington,1,US,1604779262,37,37.99,-84.48,73.0,5.82
401,ilulissat,20,GL,1604779215,71,69.22,-51.1,8.6,5.82
402,zapolyarnyy,91,RU,1604779388,80,69.42,30.81,33.8,44.96
403,srednekolymsk,97,RU,1604779388,91,67.45,153.68,-4.85,8.57
404,shache,0,CN,1604779388,81,38.42,77.24,33.76,3.65
405,eirunepe,94,BR,1604779388,40,-6.66,-69.87,95.38,3.15
406,kuching,40,MY,1604779388,94,1.55,110.33,77.0,3.36
407,milotice,0,CZ,1604779388,75,48.96,17.14,44.01,6.93
408,dwarka,0,IN,1604779388,52,22.24,68.97,80.56,10.16
409,havoysund,100,NO,1604779388,92,71.0,24.66,33.8,55.25
410,katsuura,75,JP,1604779388,82,35.13,140.3,68.0,5.82
411,medicine hat,90,CA,1604779389,93,50.05,-110.67,37.4,8.05
412,gaoua,11,BF,1604779389,20,10.3,-3.25,80.55,1.39
413,zaragoza,75,ES,1604779204,67,41.66,-0.88,60.8,4.7
414,rocha,36,UY,1604779234,71,-34.48,-54.33,68.54,10.45
415,alofi,75,NU,1604779362,73,-19.06,-169.92,77.0,14.99
416,houston,1,US,1604779535,44,29.76,-95.36,82.4,5.59
417,okhotsk,97,RU,1604779390,89,59.38,143.3,10.71,14.5
418,hervey bay,2,AU,1604779388,71,-25.3,152.85,69.01,3.0
419,pingliang,96,CN,1604779390,60,35.54,106.69,40.73,1.63
420,macenta,23,GN,1604779391,67,8.54,-9.47,74.3,0.83
421,kefamenanu,100,ID,1604779391,69,-9.45,124.48,72.37,2.48
422,piacabucu,25,BR,1604779391,81,-10.41,-36.43,79.39,14.07
423,bako,81,ET,1604779391,92,5.78,36.57,64.06,3.31
424,marrakesh,20,MA,1604779391,56,31.63,-8.01,68.0,5.82
425,alta floresta,40,BR,1604779391,52,-9.88,-56.09,91.4,4.7
426,ereymentau,100,KZ,1604779391,51,51.62,73.1,45.61,20.8
427,aleksandrov gay,97,RU,1604779391,74,50.15,48.57,40.82,13.96
428,robertson,1,US,1604779391,44,36.52,-86.87,77.0,5.82
429,basoko,42,CD,1604779353,86,1.24,23.62,73.18,3.18
430,bilibino,100,RU,1604779379,90,68.05,166.44,0.45,1.7
431,emerald,90,AU,1604779392,88,-23.53,148.17,69.8,10.29
432,udachnyy,0,RU,1604779392,91,66.42,112.4,-2.2,4.47
433,isangel,0,VU,1604779392,75,-19.55,169.27,79.36,7.67
434,marzuq,12,YE,1604779299,56,14.4,46.47,65.14,3.51
435,batemans bay,0,AU,1604779393,81,-35.72,150.18,51.01,1.01
436,grand junction,1,US,1604779393,39,39.06,-108.55,68.0,23.04
437,karratha,0,AU,1604779307,64,-20.74,116.85,70.61,10.74
438,nehe,100,CN,1604779394,93,48.48,124.83,25.11,16.98
439,aden,4,YE,1604779215,75,12.78,45.04,79.68,16.84
440,horadiz,90,AZ,1604779394,93,39.45,47.34,55.4,9.17
441,sorong,100,ID,1604779300,85,-0.88,131.25,80.35,11.74
442,san quintin,0,MX,1604779394,49,30.48,-115.95,65.97,16.78
443,green river,1,US,1604779394,47,41.53,-109.47,55.4,25.28
444,santa maria,0,BR,1604779269,42,-29.68,-53.81,86.0,9.17
445,takoradi,98,GH,1604779394,86,4.88,-1.76,79.18,8.55
446,vysokogornyy,100,RU,1604779394,96,50.12,139.15,20.34,3.31
447,torbay,75,CA,1604779394,81,47.67,-52.73,48.99,27.51
448,dalian,0,CN,1604779239,30,38.91,121.6,44.6,6.71
449,rundu,0,NA,1604779395,29,-17.93,19.77,82.99,4.9
450,kristiinankaupunki,93,FI,1604779395,71,62.27,21.38,45.54,12.3
451,kalyazin,45,RU,1604779395,86,57.24,37.84,43.07,12.55
452,seoul,1,KR,1604779272,93,37.57,126.98,48.2,12.77
453,guadalupe y calvo,0,MX,1604779395,26,26.1,-106.97,67.26,9.19
454,port lincoln,13,AU,1604779395,74,-34.73,135.87,58.98,15.79
455,college,90,US,1604779323,85,64.86,-147.8,25.0,3.36
456,waverly,1,US,1604779395,37,42.74,-84.62,71.01,16.11
457,tiarei,20,PF,1604779395,66,-17.53,-149.33,84.2,12.75
458,gillette,1,US,1604779395,30,44.29,-105.5,68.0,29.97
459,soledade,1,BR,1604779395,36,-28.82,-52.51,82.0,2.62
460,launceston,40,AU,1604779396,80,-41.45,147.17,44.01,4.7
461,nevel,66,RU,1604779396,91,56.02,29.93,47.16,10.33
462,cedar city,75,US,1604779396,61,37.68,-113.06,48.2,25.28
463,worland,1,US,1604779396,41,44.02,-107.96,66.99,17.22
464,kupang,14,ID,1604779396,76,-10.17,123.58,79.12,3.09
465,shingu,100,JP,1604779396,89,33.73,135.98,62.26,4.03
466,dillon,75,US,1604779355,57,34.42,-79.37,79.0,8.05
467,coquimbo,0,CL,1604779138,67,-29.95,-71.34,62.6,12.75
468,tulun,100,RU,1604779396,89,54.56,100.58,34.9,6.96
469,uddevalla,32,SE,1604779396,87,58.35,11.94,51.01,11.41
470,dingle,99,PH,1604779396,92,11.0,122.67,73.44,2.46
471,agadir,0,MA,1604779396,72,30.42,-9.6,66.2,9.17
472,henties bay,0,NA,1604779385,90,-22.12,14.28,60.01,1.99
473,gambela,75,ET,1604779397,81,8.25,34.58,74.64,2.68
474,salina,1,US,1604779397,44,38.84,-97.61,75.2,20.8
475,richards bay,0,ZA,1604779290,94,-28.78,32.04,70.92,6.69
476,midland,1,US,1604779141,46,32.0,-102.08,73.99,21.92
477,auki,6,SB,1604779397,81,-8.77,160.7,79.3,4.07
478,colchester,21,GB,1604779172,97,51.89,0.9,51.01,8.19
479,shiyan,0,CN,1604779397,43,32.65,110.78,53.64,3.2
480,almaznyy,20,RU,1604779397,87,48.04,40.05,44.6,6.71
481,ayagoz,0,KZ,1604779397,84,47.97,80.44,33.28,2.98
482,neuquen,0,AR,1604779397,30,-38.95,-68.06,86.0,11.41
483,kruisfontein,0,ZA,1604779397,76,-34.0,24.73,63.0,3.91
484,tezu,0,IN,1604779397,41,27.92,96.17,66.33,4.09
485,quatre cocos,20,MU,1604779398,78,-20.21,57.76,73.4,8.05
486,la ronge,100,CA,1604779214,79,55.1,-105.28,21.2,6.93
487,nara,98,JP,1604779115,98,34.69,135.8,62.01,3.67
488,jalingo,100,NG,1604779398,32,8.88,11.37,80.2,2.35
489,coihaique,0,CL,1604779371,34,-45.58,-72.07,68.0,5.82
490,novobirilyussy,98,RU,1604779398,93,56.95,90.67,37.92,8.57
491,gijon,4,ES,1604779379,86,43.54,-5.66,60.01,5.08
492,karatau,100,KZ,1604779398,28,43.17,70.47,57.24,5.79
493,camargo,0,MX,1604779210,19,27.67,-105.17,79.2,8.28
494,qasigiannguit,20,GL,1604779398,71,68.82,-51.19,8.6,5.82
495,mus,0,TR,1604779131,65,39.0,41.75,42.17,2.82
496,pichayevo,0,RU,1604779399,89,53.24,42.2,37.33,7.47
497,saint-joseph,0,RE,1604779219,78,-21.37,55.62,73.4,11.41
498,tiko,40,CM,1604779399,100,4.07,9.37,77.0,3.36
499,cayenne,0,GF,1604779324,100,4.93,-52.33,77.0,2.24
500,saldanha,0,ZA,1604779399,82,-33.01,17.94,62.6,12.75
501,tres arroyos,1,AR,1604779399,34,-38.37,-60.28,75.76,13.0
502,irbeyskoye,100,RU,1604779399,89,55.64,95.45,38.52,7.27
503,avera,75,US,1604779399,54,33.19,-82.53,80.6,12.75
504,nagua,40,DO,1604779399,83,19.38,-69.85,84.2,4.7
505,yumen,39,CN,1604779399,84,40.28,97.2,28.06,1.74
506,provost,100,CA,1604779399,100,52.35,-110.27,30.2,13.87
507,moranbah,66,AU,1604779400,84,-22.0,148.05,71.8,15.26
508,clyde river,20,CA,1604779219,83,70.47,-68.59,-5.8,4.7
509,longyearbyen,20,SJ,1604779400,86,78.22,15.64,28.4,4.16
510,sapele,100,NG,1604779400,91,5.89,5.68,76.87,4.25
511,morro bay,31,US,1604779400,70,35.37,-120.85,59.0,5.99
512,comodoro rivadavia,0,AR,1604779346,48,-45.87,-67.5,66.2,14.99
513,christchurch,100,NZ,1604779165,93,-43.53,172.63,46.99,25.28
514,dannenberg,6,DE,1604779401,90,53.1,11.09,43.0,2.08
515,ponta delgada,20,PT,1604779401,67,37.73,-25.67,60.8,11.41
516,sinop,97,TR,1604779401,88,41.77,34.87,48.06,3.42
517,soyo,54,AO,1604779402,86,-6.13,12.37,78.04,8.39
518,mogadishu,98,SO,1604779402,79,2.04,45.34,79.92,7.67
519,san vicente,0,AR,1604779402,21,-26.62,-54.13,90.32,4.45
520,toamasina,40,MG,1604779402,88,-18.17,49.38,73.4,2.24
521,kalemie,29,CD,1604779402,82,-5.95,29.19,73.02,6.64
522,santa cruz de tenerife,40,ES,1604779351,93,28.47,-16.25,68.0,5.82
523,fayaoue,0,NC,1604779402,80,-20.65,166.53,76.37,15.93
524,shenjiamen,88,CN,1604779402,64,29.96,122.3,64.76,11.74
525,chulman,100,RU,1604779403,89,56.85,124.91,-3.84,7.27
526,mana,71,GF,1604779379,80,5.66,-53.78,82.29,14.07
527,barinas,100,VE,1604779403,66,8.62,-70.21,85.87,5.66
528,bambari,99,CF,1604779403,87,5.77,20.68,73.81,2.46
529,tabory,100,RU,1604779403,95,58.52,64.55,36.79,2.82
530,qaqortoq,75,GL,1604779403,74,60.72,-46.03,30.2,3.36
531,vallenar,0,CL,1604779403,25,-28.57,-70.76,80.74,9.35
532,sovetskiy,70,RU,1604779376,99,61.36,63.58,30.94,4.14
533,aykhal,0,RU,1604779403,91,66.0,111.5,-2.2,4.47
534,pathein,0,MM,1604779403,92,16.78,94.73,74.7,4.9
535,taoudenni,87,ML,1604779404,13,22.68,-3.98,86.83,9.89
536,nouadhibou,0,MR,1604779404,73,20.93,-17.03,71.6,14.99
537,biscarrosse,0,FR,1604779404,93,44.39,-1.17,57.2,2.24
538,kungurtug,70,RU,1604779404,93,50.6,97.52,21.24,1.1
539,biloela,38,AU,1604779404,74,-24.42,150.5,67.77,12.55
540,caraquet,98,CA,1604779404,49,47.79,-64.94,46.4,6.93
541,aklavik,75,CA,1604779264,63,68.22,-135.01,26.6,15.73
542,ndola,95,ZM,1604779404,26,-12.96,28.64,72.41,5.88
543,georgiyevka,0,KZ,1604779404,31,43.04,74.71,50.0,11.18
544,klaksvik,78,FO,1604779381,86,62.23,-6.59,41.0,8.05
545,hambantota,0,LK,1604779405,82,6.12,81.12,79.32,10.16
546,magadan,99,RU,1604779405,87,59.57,150.8,10.85,15.14
547,ajaccio,0,FR,1604779405,87,42.0,8.92,57.2,5.82
548,boditi,100,ET,1604779405,79,6.97,37.87,63.21,2.62
549,amazar,1,RU,1604779405,84,53.86,120.88,8.83,3.06
550,libreville,75,GA,1604779405,88,0.39,9.45,80.6,10.29
551,arman,98,RU,1604779405,86,59.7,150.17,8.56,15.79
552,eyemouth,31,GB,1604779405,96,55.87,-2.09,39.0,5.55
553,rincon,75,US,1604779405,61,32.3,-81.24,80.6,12.75
554,iquitos,75,PE,1604779406,70,-3.75,-73.25,87.8,8.05
